FM_Ideal,FM_IPS,FM_Naive,MF_Ideal,MF_IPS,MF_Naive
0.8371066353297255,4.92752569850732,0.9742485353692137,0.8108717210448317,0.7712011874224716,0.8060868999548497
