{"Ideal": {"Random": 1.4952366777543693}, "IPS": {"Random": 1.5304164502184971, "FM": 1.528316264060648, "MF": 1.83108701609764}, "Naive": {"Random": 0.47386480880629034, "FM": 0.5319951388557995, "MF": 0.5059196183609227}}