{"Ideal": {"Random": 1.4735242126981878, "FM": 1.8212580787040296, "MF": 1.7539856234662814}, "IPS": {"Random": 1.5559758686552332, "FM": 2.063663940141227, "MF": 1.805019835735319}, "Naive": {"Random": 0.7097822808216924, "FM": 1.06665852967209, "MF": 1.0035733793160837}}