{"Ideal": {"Random": 1.0723505928547246, "FM": 1.3584729679460918, "MF": 1.1779404519135939}, "IPS": {"Random": 0.12565431031786917, "FM": 0.336242633517168, "MF": 0.32765756026850723}, "Naive": {"Random": 0.3598300368854695, "FM": 1.0036761943994212, "MF": 0.9507501208048317}}