{"n_epochs": 48, "n_factors": 121, "scale": 0.33150454570600857, "lr": 8.334867843704237e-05, "batch_size": 298, "clipping": 0.009675862682969345}