{"params": {"n_epochs": 24, "n_factors": 112, "lr": 0.0005008030139199779, "batch_size": 295, "clipping": 0.004350355167165932}, "DCG": 0.06726132239405412}