{"n_epochs": 55, "n_factors": 148, "scale": 0.2518927757685356, "lr": 8.42758165255973e-05, "batch_size": 262}