{
  "n_epochs": 3,
  "n_factors": 197,
  "lr": 5.945427930228001e-05,
  "reg": 0.10772993129252226,
  "batch_size": 476
}
