{"n_epochs": 15, "n_factors": 77, "lr": 5.439835255583536e-05, "reg": 0.004495635180422923, "batch_size": 481}