{"params": {"n_epochs": 10, "n_factors": 104, "lr": 0.0006254271818802775, "batch_size": 290}, "DCG": 0.3895543313585695}