{"n_epochs": 77, "n_factors": 102, "scale": 0.450160818403743, "lr": 5.1882998661827844e-05, "batch_size": 258}