{"n_epochs": 10, "n_factors": 251, "lr": 7.016156740040992e-05, "reg": 0.0010589005016150882, "batch_size": 402}