{"n_epochs": 21, "n_factors": 124, "lr": 0.0005515006310132863, "reg": 0.01119736636535582, "batch_size": 237}