{"n_epochs": 11, "n_factors": 394, "lr": 0.009847419499553567, "reg": 0.12352013922691082, "batch_size": 454}
