{"n_epochs": 11, "n_factors": 134, "lr": 0.003429512879417361, "reg": 0.17677695032657623, "batch_size": 425}