{"n_epochs": 19, "n_factors": 138, "scale": 0.32530194234449666, "lr": 7.313781629819377e-05, "reg": 0.0024188703003625626, "batch_size": 151}