{"n_epochs": 20, "n_factors": 191, "lr": 0.0004877960805281315, "reg": 0.0483186524421659, "batch_size": 271}