{"n_epochs": 23, "n_factors": 380, "lr": 0.007805446391337939, "reg": 0.1648503497883286, "batch_size": 444}