{"params": {"n_epochs": 10, "n_factors": 198, "lr": 0.0007267647249644125, "reg": 0.11965063658645209, "batch_size": 270, "clipping": 0.005191525274902448}, "DCG": 0.08975057086731458}