{"params": {"n_epochs": 25, "n_factors": 115, "lr": 0.000828194596370571, "reg": 0.8750532636920203, "batch_size": 274}, "DCG": 1.1046580547715632}