{"n_epochs": 75, "n_factors": 198, "scale": 0.10141820592297829, "lr": 7.619589223152367e-05, "reg": 0.06409814162545081, "batch_size": 252, "clipping": 0.0726222606078663}