{"n_epochs": 26, "n_factors": 279, "lr": 0.004260247487111999, "reg": 0.1516482875587051, "batch_size": 433}