{"n_epochs": 36, "n_factors": 106, "scale": 0.25732381614935246, "lr": 5.326261039828515e-05, "reg": 0.07008096980868664, "batch_size": 447}