{"n_epochs": 26, "n_factors": 523, "lr": 0.007876290664758707, "reg": 0.19490205034016483, "batch_size": 470}