{"n_epochs": 15, "n_factors": 153, "lr": 0.00041618465049318227, "reg": 0.06866054653762295, "batch_size": 294}