{"n_epochs": 29, "n_factors": 273, "lr": 0.004723088687882978, "reg": 0.18421177433015862, "batch_size": 470}