{"params": {"n_epochs": 26, "n_factors": 102, "lr": 8.132187244997503e-05, "reg": 0.4276018627451349, "batch_size": 277}, "DCG": 0.4555443006869191}